Workbook

Sheet Renewal Tracker
A1: CLIENT RENEWAL TRACKER
A2: Healthcare Broker Solo Toolkit | Update renewal dates, premiums, and follow-up status regularly
A4: 🔴 Renews ≤30 days | D4: 🟡 Renews 31–60 days | G4: 🟢 Renews 61–90 days | J4: ⚪ Renews >90 days
A5: # | B5: Client / Business Name | C5: Contact Name | D5: Phone | E5: Email | F5: Carrier | G5: Plan Type | H5: # Employees | I5: Annual Premium ($) | J5: Renewal Date | K5: Days Until Renewal | L5: Status | M5: Last Contact | N5: Next Action | O5: Notes
A6: 1 | B6: Metro Plumbing Co. | C6: Dave Torres | D6: 312-555-0101 | E6: dave@metroplumbing.com | F6: Blue Cross | G6: PPO | H6: 12 | I6: 28400 | J6: 46168 | K6: =J6-TODAY() -> 18 | L6: Active | M6: 46132 | N6: Schedule renewal review call
A7: 2 | B7: Riverside Dental Group | C7: Sarah Kim | D7: 630-555-0202 | E7: skim@riversidedental.com | F7: Aetna | G7: HMO | H7: 8 | I7: 19200 | J7: 46195 | K7: =J7-TODAY() -> 45 | L7: Active | M7: 46129 | N7: Schedule renewal review call
A8: 3 | B8: Lakeside Auto Repair | C8: Mike Chen | D8: 708-555-0303 | E8: mchen@lakesideauto.com | F8: UnitedHealth | G8: HDHP | H8: 6 | I8: 11800 | J8: 46222 | K8: =J8-TODAY() -> 72 | L8: Pending Review | M8: 46126 | N8: Schedule renewal review call
A9: 4 | B9: Summit Legal Partners | C9: Jessica Brooks | D9: 312-555-0404 | E9: jbrooks@summitlegal.com | F9: Cigna | G9: PPO | H9: 22 | I9: 61500 | J9: 46255 | K9: =J9-TODAY() -> 105 | L9: Active | M9: 46123 | N9: Schedule renewal review call
A10: 5 | B10: Apex Roofing LLC | C10: Tom Russo | D10: 847-555-0505 | E10: trusso@apexroofing.com | F10: Blue Cross | G10: HMO | H10: 9 | I10: 21600 | J10: 46178 | K10: =J10-TODAY() -> 28 | L10: Active | M10: 46120 | N10: Schedule renewal review call
A11: 6 | B11: Greenview Landscaping | C11: Priya Patel | D11: 630-555-0606 | E11: ppatel@greenview.com | F11: Humana | G11: HDHP | H11: 5 | I11: 9500 | J11: 46290 | K11: =J11-TODAY() -> 140 | L11: Active | M11: 46117 | N11: Schedule renewal review call
A12: 7 | B12: Northside Chiro Clinic | C12: Dr. Adam Lee | D12: 773-555-0707 | E12: alee@northsidechiro.com | F12: Aetna | G12: PPO | H12: 7 | I12: 16800 | J12: 46164 | K12: =J12-TODAY() -> 14 | L12: Renewal Sent | M12: 46114 | N12: Schedule renewal review call
A13: 8 | B13: Brightway Tech Solutions | C13: Chris Murphy | D13: 312-555-0808 | E13: cmurphy@brightway.com | F13: UnitedHealth | G13: PPO | H13: 35 | I13: 94500 | J13: 46350 | K13: =J13-TODAY() -> 200 | L13: Active | M13: 46111 | N13: Schedule renewal review call
A14: 9 | B14: Harbor View Restaurant Group | C14: Linda Yoo | D14: 708-555-0909 | E14: lyoo@harborview.com | F14: Cigna | G14: HMO | H14: 18 | I14: 38200 | J14: 46205 | K14: =J14-TODAY() -> 55 | L14: Pending Review | M14: 46108 | N14: Schedule renewal review call
A15: 10 | B15: Cornerstone Electric | C15: Ray Valdez | D15: 847-555-1010 | E15: rvaldez@cstone.com | F15: Blue Cross | G15: HDHP | H15: 11 | I15: 22000 | J15: 46158 | K15: =J15-TODAY() -> 8 | L15: Active | M15: 46105 | N15: Schedule renewal review call
A16: 11 | K16: =IF(J16="","",J16-TODAY())
A17: 12 | K17: =IF(J17="","",J17-TODAY())
A18: 13 | K18: =IF(J18="","",J18-TODAY())
A19: 14 | K19: =IF(J19="","",J19-TODAY())
A20: 15 | K20: =IF(J20="","",J20-TODAY())
A21: 16 | K21: =IF(J21="","",J21-TODAY())
A22: 17 | K22: =IF(J22="","",J22-TODAY())
A23: 18 | K23: =IF(J23="","",J23-TODAY())
A24: 19 | K24: =IF(J24="","",J24-TODAY())
A25: 20 | K25: =IF(J25="","",J25-TODAY())
A26: 21 | K26: =IF(J26="","",J26-TODAY())
A27: 22 | K27: =IF(J27="","",J27-TODAY())
... A35: 30 | K35: =IF(J35="","",J35-TODAY())

Sheet Dashboard
A1: RENEWAL DASHBOARD
A2: Auto-calculated from Renewal Tracker sheet
A4: Total Active Clients | C4: Renewals ≤30 Days | E4: Renewals 31–60 Days | G4: Renewals 61–90 Days
A5: =COUNTA('Renewal Tracker'!B6:B35) -> 10 | C5: =COUNTIFS('Renewal Tracker'!K6:K35,"<="&30,'Renewal Tracker'!K6:K35,">="&0) -> 4 | E5: =COUNTIFS('Renewal Tracker'!K6:K35,">"&30,'Renewal Tracker'!K6:K35,"<="&60) -> 2 | G5: =COUNTIFS('Renewal Tracker'!K6:K35,">"&60,'Renewal Tracker'!K6:K35,"<="&90) -> 1
A8: Total Book Premium (Annual)
A9: =SUM('Renewal Tracker'!I6:I35) -> 323500

Sheet How To Use
B1: HOW TO USE THIS TRACKER
B4: STEP 1: Replace sample data | C4: Delete the 10 sample rows and enter your real clients. Start with clients whose renewals are coming up soonest.
B5: STEP 2: Enter renewal dates | C5: Column J (Renewal Date) is the most important field. The Days Until Renewal column calculates automatically.
B6: STEP 3: Watch the colors | C6: Rows automatically turn RED (≤30 days), AMBER (31–60 days), or GREEN (61–90 days) based on urgency.
B7: STEP 4: Update Status regularly | C7: Use the Status dropdown (Column L) to track where each client is: Active, Pending Review, Renewal Sent, etc.
B8: STEP 5: Log your contacts | C8: Update 'Last Contact' (Column M) every time you speak with a client so you never lose track.
B9: STEP 6: Check the Dashboard | C9: The Dashboard tab auto-calculates your totals — clients due soon, total book premium, and more.
B10: PRO TIP: Sort by Column K | C10: Sort the tracker by 'Days Until Renewal' (Column K, smallest to largest) every Monday morning for your weekly priority list.
